"GB_ACC","SPOT_ID","Symbol","Entrez Gene Name"
"AA015912","SEQ946","ARHGAP27","Rho GTPase activating protein 27"
"AA158617","SEQ505","CERT1","ceramide transporter 1"
"AA194446","SEQ506","NRAP","nebulin related anchoring protein"
"AA220235","SEQ507","LZIC","leucine zipper and CTNNBIP1 domain containing"
"AA256641.1","SEQ937","LINC00673","long intergenic non-protein coding RNA 673"
"AF014958","SEQ508","CCRL2","C-C motif chemokine receptor like 2"
"AF070569","SEQ716","MIR22HG","MIR22 host gene"
"AF070613","SEQ509","TNKS","tankyrase"
"AF112857","SEQ510","CCNE2","cyclin E2"
"AI458213.1","SEQ911","PTAFR","platelet activating factor receptor"
"AI557319","SEQ717","ABHD2","abhydrolase domain containing 2, acylglycerol lipase"
"AK022257","SEQ171","SLC25A29","solute carrier family 25 member 29"
"AK022257","SEQ173","SLC25A29","solute carrier family 25 member 29"
"AK022257","SEQ172","SLC25A29","solute carrier family 25 member 29"
"AK022542","SEQ175","PARP14","poly(ADP-ribose) polymerase family member 14"
"AK022542","SEQ176","PARP14","poly(ADP-ribose) polymerase family member 14"
"AK022542","SEQ174","PARP14","poly(ADP-ribose) polymerase family member 14"
"AK025583","SEQ179","SORL1","sortilin related receptor 1"
"AK025583","SEQ177","SORL1","sortilin related receptor 1"
"AK025583","SEQ178","SORL1","sortilin related receptor 1"
"AK026169","SEQ287","SLC5A3","solute carrier family 5 member 3"
"AK026169","SEQ285","SLC5A3","solute carrier family 5 member 3"
"AK026169","SEQ286","SLC5A3","solute carrier family 5 member 3"
"AK054998","SEQ298","PLEKHB2","pleckstrin homology domain containing B2"
"AK054998","SEQ297","PLEKHB2","pleckstrin homology domain containing B2"
"AK054998","SEQ299","PLEKHB2","pleckstrin homology domain containing B2"
"AK093832","SEQ181","BMPR2","bone morphogenetic protein receptor type 2"
"AK093832","SEQ182","BMPR2","bone morphogenetic protein receptor type 2"
"AK093832","SEQ180","BMPR2","bone morphogenetic protein receptor type 2"
"AL046979","SEQ718","TNS1","tensin 1"
"AL049423","SEQ720","ZBTB20","zinc finger and BTB domain containing 20"
"AL080078","SEQ183","TMEM30B","transmembrane protein 30B"
"AL080078","SEQ184","TMEM30B","transmembrane protein 30B"
"AL080078","SEQ185","TMEM30B","transmembrane protein 30B"
"AL117536","SEQ188","IDS","iduronate 2-sulfatase"
"AL117536","SEQ187","IDS","iduronate 2-sulfatase"
"AL117536","SEQ186","IDS","iduronate 2-sulfatase"
"AL833486","SEQ190","MAN2A1","mannosidase alpha class 2A member 1"
"AL833486","SEQ191","MAN2A1","mannosidase alpha class 2A member 1"
"AL833486","SEQ189","MAN2A1","mannosidase alpha class 2A member 1"
"AW025529","SEQ721","CALML4","calmodulin like 4"
"AW248434.1","SEQ834","NEURL1B","neuralized E3 ubiquitin protein ligase 1B"
"AW516297","SEQ723","NOTCH2NLA/NOTCH2NLB","notch 2 N-terminal like A"
"AW613780.1","SEQ816","MR1","major histocompatibility complex, class I-related"
"BC001971","SEQ511","CDKN1B","cyclin dependent kinase inhibitor 1B"
"BC004207","SEQ512","CHEK2","checkpoint kinase 2"
"BC004490","SEQ513","FOS","Fos proto-oncogene, AP-1 transcription factor subunit"
"BC014384","SEQ194","TMEM33","transmembrane protein 33"
"BC014384","SEQ193","TMEM33","transmembrane protein 33"
"BC014384","SEQ192","TMEM33","transmembrane protein 33"
"BE079602.1","SEQ928","SRSF4","serine and arginine rich splicing factor 4"
"BE262478","SEQ493","NSG1","neuronal vesicle trafficking associated 1"
"BE382685.1","SEQ921","IER5L","immediate early response 5 like"
"C18318","SEQ724","MEX3D","mex-3 RNA binding family member D"
"D10925","SEQ514","bendavia",NA
"D44466","SEQ515","PSMD1","proteasome 26S subunit, non-ATPase 1"
"H38914.1","SEQ932","LOC105379499",NA
"J03925","SEQ516","ITGAM","integrin subunit alpha M"
"M13452","SEQ518","LMNA","lamin A/C"
"M24283","SEQ519","ICAM1","intercellular adhesion molecule 1"
"M32315","SEQ520","TNFRSF1B","TNF receptor superfamily member 1B"
"M32721","SEQ521","PARP1","poly(ADP-ribose) polymerase 1"
"M55643","SEQ522","NFKB1","nuclear factor kappa B subunit 1"
"M57506","SEQ523","CCL1","C-C motif chemokine ligand 1"
"M87507","SEQ494","CASP1","caspase 1"
"M87789","SEQ1043","IGHG3","immunoglobulin heavy constant gamma 3 (G3m marker)"
"M90360","SEQ726","AKAP13","A-kinase anchoring protein 13"
"NM_000038","SEQ524","APC","APC regulator of WNT signaling pathway"
"NM_000051","SEQ525","ATM","ATM serine/threonine kinase"
"NM_000056","SEQ454","BCKDHB","branched chain keto acid dehydrogenase E1 subunit beta"
"NM_000056","SEQ13","BCKDHB","branched chain keto acid dehydrogenase E1 subunit beta"
"NM_000056","SEQ14","BCKDHB","branched chain keto acid dehydrogenase E1 subunit beta"
"NM_000056","SEQ15","BCKDHB","branched chain keto acid dehydrogenase E1 subunit beta"
"NM_000067","SEQ697","CA2","carbonic anhydrase 2"
"NM_000067","SEQ698","CA2","carbonic anhydrase 2"
"NM_000067","SEQ696","CA2","carbonic anhydrase 2"
"NM_000088","SEQ17","COL1A1","collagen type I alpha 1 chain"
"NM_000088","SEQ332","COL1A1","collagen type I alpha 1 chain"
"NM_000088","SEQ333","COL1A1","collagen type I alpha 1 chain"
"NM_000088","SEQ469","COL1A1","collagen type I alpha 1 chain"
"NM_000088","SEQ334","COL1A1","collagen type I alpha 1 chain"
"NM_000088","SEQ18","COL1A1","collagen type I alpha 1 chain"
"NM_000088","SEQ16","COL1A1","collagen type I alpha 1 chain"
"NM_000089","SEQ709","COL1A2","collagen type I alpha 2 chain"
"NM_000089","SEQ710","COL1A2","collagen type I alpha 2 chain"
"NM_000089","SEQ711","COL1A2","collagen type I alpha 2 chain"
"NM_000090.2","SEQ766","COL3A1","collagen type III alpha 1 chain"
"NM_000126","SEQ411","ETFA","electron transfer flavoprotein subunit alpha"
"NM_000126","SEQ413","ETFA","electron transfer flavoprotein subunit alpha"
"NM_000126","SEQ412","ETFA","electron transfer flavoprotein subunit alpha"
"NM_000142.2","SEQ848","FGFR3","fibroblast growth factor receptor 3"
"NM_000147","SEQ616","FUCA1","alpha-L-fucosidase 1"
"NM_000147","SEQ617","FUCA1","alpha-L-fucosidase 1"
"NM_000147","SEQ618","FUCA1","alpha-L-fucosidase 1"
"NM_000176.1","SEQ1044","NR3C1","nuclear receptor subfamily 3 group C member 1"
"NM_000177","SEQ679","GSN","gelsolin"
"NM_000177","SEQ680","GSN","gelsolin"
"NM_000177","SEQ678","GSN","gelsolin"
"NM_000182","SEQ573","HADHA","hydroxyacyl-CoA dehydrogenase trifunctional multienzyme complex subunit alpha"
"NM_000182","SEQ575","HADHA","hydroxyacyl-CoA dehydrogenase trifunctional multienzyme complex subunit alpha"
"NM_000182","SEQ572","HADHA","hydroxyacyl-CoA dehydrogenase trifunctional multienzyme complex subunit alpha"
"NM_000182","SEQ574","HADHA","hydroxyacyl-CoA dehydrogenase trifunctional multienzyme complex subunit alpha"
"NM_000191","SEQ593","HMGCL","3-hydroxy-3-methylglutaryl-CoA lyase"
"NM_000191","SEQ594","HMGCL","3-hydroxy-3-methylglutaryl-CoA lyase"
"NM_000191","SEQ592","HMGCL","3-hydroxy-3-methylglutaryl-CoA lyase"
"NM_000194.1","SEQ831","HPRT1","hypoxanthine phosphoribosyltransferase 1"
"NM_000196","SEQ654","HSD11B2","hydroxysteroid 11-beta dehydrogenase 2"
"NM_000196","SEQ656","HSD11B2","hydroxysteroid 11-beta dehydrogenase 2"
"NM_000196","SEQ655","HSD11B2","hydroxysteroid 11-beta dehydrogenase 2"
"NM_000211","SEQ21","ITGB2","integrin subunit beta 2"
"NM_000211","SEQ462","ITGB2","integrin subunit beta 2"
"NM_000211","SEQ415","ITGB2","integrin subunit beta 2"
"NM_000211","SEQ20","ITGB2","integrin subunit beta 2"
"NM_000211","SEQ19","ITGB2","integrin subunit beta 2"
"NM_000211","SEQ414","ITGB2","integrin subunit beta 2"
"NM_000211","SEQ416","ITGB2","integrin subunit beta 2"
"NM_000213.2","SEQ1010","ITGB4","integrin subunit beta 4"
"NM_000218.2","SEQ1002","KCNQ1","potassium voltage-gated channel subfamily Q member 1"
"NM_000224.2","SEQ1343","KRT18","keratin 18"
"NM_000224.2","SEQ1344","KRT18","keratin 18"
"NM_000224.2","SEQ1345","KRT18","keratin 18"
"NM_000227","SEQ107","LAMA3","laminin subunit alpha 3"
"NM_000227","SEQ106","LAMA3","laminin subunit alpha 3"
"NM_000227","SEQ108","LAMA3","laminin subunit alpha 3"
"NM_000228.1","SEQ1028","LAMB3","laminin subunit beta 3"
"NM_000239.1","SEQ758","LYZ","lysozyme"
"NM_000240","SEQ627","MAOA","monoamine oxidase A"
"NM_000240","SEQ357","MAOA","monoamine oxidase A"
"NM_000240","SEQ625","MAOA","monoamine oxidase A"
"NM_000240","SEQ358","MAOA","monoamine oxidase A"
"NM_000240","SEQ626","MAOA","monoamine oxidase A"
"NM_000240","SEQ356","MAOA","monoamine oxidase A"
"NM_000292.1","SEQ809","PHKA2","phosphorylase kinase regulatory subunit alpha 2"
"NM_000295","SEQ81","SERPINA1","serpin family A member 1"
"NM_000295","SEQ442","SERPINA1","serpin family A member 1"
"NM_000295","SEQ80","SERPINA1","serpin family A member 1"
"NM_000295","SEQ79","SERPINA1","serpin family A member 1"
"NM_000299.1","SEQ793","PKP1","plakophilin 1"
"NM_000300.2","SEQ995","PLA2G2A","phospholipase A2 group IIA"
"NM_000313.1","SEQ1301","PROS1","protein S"
"NM_000313.1","SEQ1303","PROS1","protein S"
"NM_000313.1","SEQ1302","PROS1","protein S"
"NM_000314","SEQ526","PTEN","phosphatase and tensin homolog"
"NM_000321","SEQ527","RB1","RB transcriptional corepressor 1"
"NM_000336","SEQ693","SCNN1B","sodium channel epithelial 1 subunit beta"
"NM_000336","SEQ695","SCNN1B","sodium channel epithelial 1 subunit beta"
"NM_000336","SEQ694","SCNN1B","sodium channel epithelial 1 subunit beta"
"NM_000389","SEQ528","CDKN1A","cyclin dependent kinase inhibitor 1A"
"NM_000428","SEQ728","LTBP2","latent transforming growth factor beta binding protein 2"
"NM_000433","SEQ34","NCF2","neutrophil cytosolic factor 2"
"NM_000433","SEQ35","NCF2","neutrophil cytosolic factor 2"
"NM_000433","SEQ36","NCF2","neutrophil cytosolic factor 2"
"NM_000433","SEQ444","NCF2","neutrophil cytosolic factor 2"
"NM_000445.1","SEQ770","PLEC","plectin"
"NM_000489","SEQ197","ATRX","ATRX chromatin remodeler"
"NM_000489","SEQ195","ATRX","ATRX chromatin remodeler"
"NM_000489","SEQ196","ATRX","ATRX chromatin remodeler"
"NM_000497.2","SEQ761","CYP11B1","cytochrome P450 family 11 subfamily B member 1"
"NM_000526","SEQ318","KRT14","keratin 14"
"NM_000526","SEQ317","KRT14","keratin 14"
"NM_000526","SEQ319","KRT14","keratin 14"
"NM_000527.2","SEQ1275","LDLR","low density lipoprotein receptor"
"NM_000527.2","SEQ1273","LDLR","low density lipoprotein receptor"
"NM_000527.2","SEQ1274","LDLR","low density lipoprotein receptor"
"NM_000543","SEQ624","SMPD1","sphingomyelin phosphodiesterase 1"
"NM_000543","SEQ623","SMPD1","sphingomyelin phosphodiesterase 1"
"NM_000543","SEQ622","SMPD1","sphingomyelin phosphodiesterase 1"
"NM_000546","SEQ529","TP53","tumor protein p53"
"NM_000552.2","SEQ1370","VWF","von Willebrand factor"
"NM_000552.2","SEQ1372","VWF","von Willebrand factor"
"NM_000552.2","SEQ1371","VWF","von Willebrand factor"
"NM_000560","SEQ8","CD53","CD53 molecule"
"NM_000560","SEQ446","CD53","CD53 molecule"
"NM_000560","SEQ7","CD53","CD53 molecule"
"NM_000560","SEQ9","CD53","CD53 molecule"
"NM_000584","SEQ340","CXCL8","C-X-C motif chemokine ligand 8"
"NM_000584","SEQ338","CXCL8","C-X-C motif chemokine ligand 8"
"NM_000584","SEQ339","CXCL8","C-X-C motif chemokine ligand 8"
"NM_000591","SEQ459","CD14","CD14 molecule"
"NM_000591","SEQ73","CD14","CD14 molecule"
"NM_000591","SEQ75","CD14","CD14 molecule"
"NM_000591","SEQ74","CD14","CD14 molecule"
"NM_000598.2","SEQ1266","IGFBP3","insulin like growth factor binding protein 3"
"NM_000598.2","SEQ1265","IGFBP3","insulin like growth factor binding protein 3"
"NM_000598.2","SEQ1264","IGFBP3","insulin like growth factor binding protein 3"
"NM_000612","SEQ801","IGF2","insulin like growth factor 2"
"NM_000620","SEQ530","NOS1","nitric oxide synthase 1"
"NM_000640.2","SEQ964","IL13RA2","interleukin 13 receptor subunit alpha 2"
"NM_000661.2","SEQ1319","RPL9","ribosomal protein L9"
"NM_000661.2","SEQ1318","RPL9","ribosomal protein L9"
"NM_000687","SEQ729","AHCY","adenosylhomocysteinase"
"NM_000698.1","SEQ843","ALOX5","arachidonate 5-lipoxygenase"
"NM_000754","SEQ421","COMT","catechol-O-methyltransferase"
"NM_000754","SEQ420","COMT","catechol-O-methyltransferase"
"NM_000754","SEQ419","COMT","catechol-O-methyltransferase"
"NM_000775.2","SEQ1011","CYP2J2","cytochrome P450 family 2 subfamily J member 2"
"NM_000779","SEQ427","CYP4B1","cytochrome P450 family 4 subfamily B member 1"
"NM_000779","SEQ428","CYP4B1","cytochrome P450 family 4 subfamily B member 1"
"NM_000779","SEQ429","CYP4B1","cytochrome P450 family 4 subfamily B member 1"
"NM_000793.2","SEQ1229","DIO2","iodothyronine deiodinase 2"
"NM_000793.2","SEQ1230","DIO2","iodothyronine deiodinase 2"
"NM_000793.2","SEQ1228","DIO2","iodothyronine deiodinase 2"
"NM_000820","SEQ359","GAS6","growth arrest specific 6"
"NM_000820","SEQ361","GAS6","growth arrest specific 6"
"NM_000820","SEQ360","GAS6","growth arrest specific 6"
"NM_000861.2","SEQ1251","HRH1","histamine receptor H1"
"NM_000861.2","SEQ1249","HRH1","histamine receptor H1"
"NM_000861.2","SEQ1250","HRH1","histamine receptor H1"
"NM_000875.2","SEQ1262","IGF1R","insulin like growth factor 1 receptor"
"NM_000875.2","SEQ1263","IGF1R","insulin like growth factor 1 receptor"
"NM_000875.2","SEQ1261","IGF1R","insulin like growth factor 1 receptor"
"NM_000900","SEQ730","MGP","matrix Gla protein"
"NM_000901","SEQ605","NR3C2","nuclear receptor subfamily 3 group C member 2"
"NM_000901","SEQ607","NR3C2","nuclear receptor subfamily 3 group C member 2"
"NM_000901","SEQ606","NR3C2","nuclear receptor subfamily 3 group C member 2"
"NM_000944","SEQ531","PPP3CA","protein phosphatase 3 catalytic subunit alpha"
"NM_000961.2","SEQ1298","PTGIS","prostaglandin I2 synthase"
"NM_000961.2","SEQ1299","PTGIS","prostaglandin I2 synthase"
"NM_000961.2","SEQ1300","PTGIS","prostaglandin I2 synthase"
"NM_000967.2","SEQ1317","RPL3","ribosomal protein L3"
"NM_000967.2","SEQ1316","RPL3","ribosomal protein L3"
"NM_001002.2","SEQ1321","RPLP0","ribosomal protein lateral stalk subunit P0"
"NM_001002.2","SEQ1323","RPLP0","ribosomal protein lateral stalk subunit P0"
"NM_001002.2","SEQ1322","RPLP0","ribosomal protein lateral stalk subunit P0"
"NM_001025.2","SEQ1320","RPS23","ribosomal protein S23"
"NM_001067.2","SEQ973","TOP2A","DNA topoisomerase II alpha"
"NM_001069.1","SEQ1000","TUBB2A","tubulin beta 2A class IIa"
"NM_001072.1","SEQ876","UGT1A6","UDP glucuronosyltransferase family 1 member A6"
"NM_001078.2","SEQ1335","VCAM1","vascular cell adhesion molecule 1"
"NM_001078.2","SEQ1336","VCAM1","vascular cell adhesion molecule 1"
"NM_001078.2","SEQ1334","VCAM1","vascular cell adhesion molecule 1"
"NM_001085.2","SEQ1324","SERPINA3","serpin family A member 3"
"NM_001085.2","SEQ1325","SERPINA3","serpin family A member 3"
"NM_001085.2","SEQ1326","SERPINA3","serpin family A member 3"
"NM_001098","SEQ666","ACO2","aconitase 2"
"NM_001098","SEQ665","ACO2","aconitase 2"
"NM_001098","SEQ667","ACO2","aconitase 2"
"NM_001110.1","SEQ869","ADAM10","ADAM metallopeptidase domain 10"
"NM_001129","SEQ349","AEBP1","AE binding protein 1"
"NM_001129","SEQ348","AEBP1","AE binding protein 1"
"NM_001129","SEQ347","AEBP1","AE binding protein 1"
"NM_001139","SEQ802","ALOX12B","arachidonate 12-lipoxygenase, 12R type"
"NM_001144","SEQ170","AMFR","autocrine motility factor receptor"
"NM_001144","SEQ168","AMFR","autocrine motility factor receptor"
"NM_001144","SEQ169","AMFR","autocrine motility factor receptor"
"NM_001166.2","SEQ987","BIRC2","baculoviral IAP repeat containing 2"
"NM_001166.2","SEQ988","BIRC2","baculoviral IAP repeat containing 2"
"NM_001167.2","SEQ890","XIAP","X-linked inhibitor of apoptosis"
"NM_001168","SEQ266","BIRC5","baculoviral IAP repeat containing 5"
"NM_001168","SEQ265","BIRC5","baculoviral IAP repeat containing 5"
"NM_001168","SEQ264","BIRC5","baculoviral IAP repeat containing 5"
"NM_001188","SEQ532","BAK1","BCL2 antagonist/killer 1"
"NM_001199.1","SEQ1209","BMP1","bone morphogenetic protein 1"
"NM_001218.2","SEQ1039","CA12","carbonic anhydrase 12"
"NM_001237.2","SEQ1369","CCNA2","cyclin A2"
"NM_001237.2","SEQ1368","CCNA2","cyclin A2"
"NM_001237.2","SEQ1367","CCNA2","cyclin A2"
"NM_001248.1","SEQ1016","ENTPD3","ectonucleoside triphosphate diphosphohydrolase 3"
"NM_001255.1","SEQ833","CDC20","cell division cycle 20"
"NM_001274","SEQ533","CHEK1","checkpoint kinase 1"
"NM_001278.2","SEQ889","CHUK","component of inhibitor of nuclear factor kappa B kinase complex"
"NM_001299.3","SEQ1373","CNN1","calponin 1"
"NM_001299.3","SEQ1375","CNN1","calponin 1"
"NM_001299.3","SEQ1374","CNN1","calponin 1"
"NM_001338.2","SEQ1219","CXADR","CXADR Ig-like cell adhesion molecule"
"NM_001338.2","SEQ1221","CXADR","CXADR Ig-like cell adhesion molecule"
"NM_001338.2","SEQ1220","CXADR","CXADR Ig-like cell adhesion molecule"
"NM_001338.2","SEQ904","CXADR","CXADR Ig-like cell adhesion molecule"
"NM_001349","SEQ54","DARS1","aspartyl-tRNA synthetase 1"
"NM_001349","SEQ53","DARS1","aspartyl-tRNA synthetase 1"
"NM_001349","SEQ52","DARS1","aspartyl-tRNA synthetase 1"
"NM_001349","SEQ441","DARS1","aspartyl-tRNA synthetase 1"
"NM_001350","SEQ114","DAXX","death domain associated protein"
"NM_001350","SEQ116","DAXX","death domain associated protein"
"NM_001350","SEQ115","DAXX","death domain associated protein"
"NM_001354.3","SEQ774","AKR1C1/AKR1C2","aldo-keto reductase family 1 member C2"
"NM_001359","SEQ365","DECR1","2,4-dienoyl-CoA reductase 1"
"NM_001359","SEQ367","DECR1","2,4-dienoyl-CoA reductase 1"
"NM_001359","SEQ366","DECR1","2,4-dienoyl-CoA reductase 1"
"NM_001360.1","SEQ1161","DHCR7","7-dehydrocholesterol reductase"
"NM_001360.1","SEQ1162","DHCR7","7-dehydrocholesterol reductase"
"NM_001360.1","SEQ1160","DHCR7","7-dehydrocholesterol reductase"
"NM_001386.3","SEQ968","DPYSL2","dihydropyrimidinase like 2"
"NM_001398","SEQ652","ECH1","enoyl-CoA hydratase 1"
"NM_001398","SEQ653","ECH1","enoyl-CoA hydratase 1"
"NM_001402.4","SEQ1238","EEF1A1","eukaryotic translation elongation factor 1 alpha 1"
"NM_001402.4","SEQ1239","EEF1A1","eukaryotic translation elongation factor 1 alpha 1"
"NM_001402.4","SEQ1237","EEF1A1","eukaryotic translation elongation factor 1 alpha 1"
"NM_001412.2","SEQ907","EIF1AX","eukaryotic translation initiation factor 1A X-linked"
"NM_001417.1","SEQ1240","EIF4B","eukaryotic translation initiation factor 4B"
"NM_001417.1","SEQ1241","EIF4B","eukaryotic translation initiation factor 4B"
"NM_001417.1","SEQ1242","EIF4B","eukaryotic translation initiation factor 4B"
"NM_001425","SEQ455","EMP3","epithelial membrane protein 3"
"NM_001425","SEQ59","EMP3","epithelial membrane protein 3"
"NM_001425","SEQ58","EMP3","epithelial membrane protein 3"
"NM_001425","SEQ60","EMP3","epithelial membrane protein 3"
"NM_001442.1","SEQ999","FABP4","fatty acid binding protein 4"
"NM_001456.1","SEQ765","FLNA","filamin A"
"NM_001511","SEQ77","CXCL1","C-X-C motif chemokine ligand 1"
"NM_001511","SEQ76","CXCL1","C-X-C motif chemokine ligand 1"
"NM_001511","SEQ78","CXCL1","C-X-C motif chemokine ligand 1"
"NM_001511","SEQ460","CXCL1","C-X-C motif chemokine ligand 1"
"NM_001531.1","SEQ842","MR1","major histocompatibility complex, class I-related"
"NM_001533","SEQ731","HNRNPL","heterogeneous nuclear ribonucleoprotein L"
"NM_001554","SEQ152","CCN1","cellular communication network factor 1"
"NM_001554","SEQ151","CCN1","cellular communication network factor 1"
"NM_001554","SEQ150","CCN1","cellular communication network factor 1"
"NM_001558.2","SEQ1361","IL10RA","interleukin 10 receptor subunit alpha"
"NM_001558.2","SEQ1363","IL10RA","interleukin 10 receptor subunit alpha"
"NM_001558.2","SEQ1362","IL10RA","interleukin 10 receptor subunit alpha"
"NM_001560.2","SEQ985","IL13RA1","interleukin 13 receptor subunit alpha 1"
"NM_001560.2","SEQ984","IL13RA1","interleukin 13 receptor subunit alpha 1"
"NM_001560.2","SEQ986","IL13RA1","interleukin 13 receptor subunit alpha 1"
"NM_001607","SEQ681","ACAA1","acetyl-CoA acyltransferase 1"
"NM_001607","SEQ682","ACAA1","acetyl-CoA acyltransferase 1"
"NM_001607","SEQ683","ACAA1","acetyl-CoA acyltransferase 1"
"NM_001629","SEQ55","ALOX5AP","arachidonate 5-lipoxygenase activating protein"
"NM_001629","SEQ57","ALOX5AP","arachidonate 5-lipoxygenase activating protein"
"NM_001629","SEQ448","ALOX5AP","arachidonate 5-lipoxygenase activating protein"
"NM_001629","SEQ56","ALOX5AP","arachidonate 5-lipoxygenase activating protein"
"NM_001657.2","SEQ1204","AREG","amphiregulin"
"NM_001657.2","SEQ1205","AREG","amphiregulin"
"NM_001657.2","SEQ1203","AREG","amphiregulin"
"NM_001719.1","SEQ1033","BMP7","bone morphogenetic protein 7"
"NM_001750","SEQ200","CAST","calpastatin"
"NM_001750","SEQ199","CAST","calpastatin"
"NM_001750","SEQ198","CAST","calpastatin"
"NM_001750.4","SEQ900","CAST","calpastatin"
"NM_001752","SEQ394","CAT","catalase"
"NM_001752","SEQ393","CAT","catalase"
"NM_001752","SEQ392","CAT","catalase"
"NM_001774","SEQ395","CD37","CD37 molecule"
"NM_001789","SEQ534","CDC25A","cell division cycle 25A"
"NM_001793","SEQ689","CDH3","cadherin 3"
"NM_001793","SEQ688","CDH3","cadherin 3"
"NM_001793","SEQ687","CDH3","cadherin 3"
"NM_001795.2","SEQ1349","CDH5","cadherin 5"
"NM_001795.2","SEQ1350","CDH5","cadherin 5"
"NM_001795.2","SEQ1351","CDH5","cadherin 5"
"NM_001797.2","SEQ1021","CDH11","cadherin 11"
"NM_001822","SEQ336","CHN1","chimerin 1"
"NM_001822","SEQ337","CHN1","chimerin 1"
"NM_001822","SEQ335","CHN1","chimerin 1"
"NM_001829","SEQ46","CLCN3","chloride voltage-gated channel 3"
"NM_001829","SEQ465","CLCN3","chloride voltage-gated channel 3"
"NM_001829","SEQ48","CLCN3","chloride voltage-gated channel 3"
"NM_001829","SEQ47","CLCN3","chloride voltage-gated channel 3"
"NM_001839.1","SEQ1212","CNN3","calponin 3"
"NM_001839.1","SEQ1210","CNN3","calponin 3"
"NM_001839.1","SEQ1211","CNN3","calponin 3"
"NM_001846.1","SEQ818","COL4A2","collagen type IV alpha 2 chain"
"NM_001847","SEQ102","COL4A6","collagen type IV alpha 6 chain"
"NM_001847","SEQ100","COL4A6","collagen type IV alpha 6 chain"
"NM_001847","SEQ101","COL4A6","collagen type IV alpha 6 chain"
"NM_001848","SEQ382","COL6A1","collagen type VI alpha 1 chain"
"NM_001848","SEQ381","COL6A1","collagen type VI alpha 1 chain"
"NM_001848","SEQ380","COL6A1","collagen type VI alpha 1 chain"
"NM_001849","SEQ437","COL6A2","collagen type VI alpha 2 chain"
"NM_001855.2","SEQ994","COL15A1","collagen type XV alpha 1 chain"
"NM_001904","SEQ535","CTNNB1","catenin beta 1"
"NM_001910.2","SEQ1015","CTSE","cathepsin E"
"NM_001920.2","SEQ1139","DCN","decorin"
"NM_001921.1","SEQ1225","DCTD","dCMP deaminase"
"NM_001921.1","SEQ1227","DCTD","dCMP deaminase"
"NM_001921.1","SEQ1226","DCTD","dCMP deaminase"
"NM_001927.2","SEQ1348","DES","desmin"
"NM_001927.2","SEQ1346","DES","desmin"
"NM_001927.2","SEQ1347","DES","desmin"
"NM_001928.1","SEQ1012","CFD","complement factor D"
"NM_001943.1","SEQ892","DSG2","desmoglein 2"
"NM_001958.2","SEQ1004","EEF1A2","eukaryotic translation elongation factor 1 alpha 2"
"NM_001975.2","SEQ862","ENO2","enolase 2"
"NM_001979","SEQ589","EPHX2","epoxide hydrolase 2"
"NM_001979","SEQ591","EPHX2","epoxide hydrolase 2"
"NM_001979","SEQ590","EPHX2","epoxide hydrolase 2"
"NM_001979","SEQ588","EPHX2","epoxide hydrolase 2"
"NM_001987.2","SEQ817","ETV6","ETS variant transcription factor 6"
"NM_002003","SEQ94","FCN1","ficolin 1"
"NM_002003","SEQ440","FCN1","ficolin 1"
"NM_002003","SEQ95","FCN1","ficolin 1"
"NM_002003","SEQ96","FCN1","ficolin 1"
"NM_002020.1","SEQ1364","FLT4","fms related receptor tyrosine kinase 4"
"NM_002020.1","SEQ1365","FLT4","fms related receptor tyrosine kinase 4"
"NM_002020.1","SEQ1366","FLT4","fms related receptor tyrosine kinase 4"
"NM_002065.3","SEQ875","GLUL","glutamate-ammonia ligase"
"NM_002071.1","SEQ929","GNAL","G protein subunit alpha L"
"NM_002076","SEQ352","GNS","glucosamine (N-acetyl)-6-sulfatase"
"NM_002076","SEQ350","GNS","glucosamine (N-acetyl)-6-sulfatase"
"NM_002076","SEQ351","GNS","glucosamine (N-acetyl)-6-sulfatase"
"NM_002089","SEQ61","CXCL2","C-X-C motif chemokine ligand 2"
"NM_002089","SEQ63","CXCL2","C-X-C motif chemokine ligand 2"
"NM_002089","SEQ447","CXCL2","C-X-C motif chemokine ligand 2"
"NM_002089","SEQ62","CXCL2","C-X-C motif chemokine ligand 2"
"NM_002090","SEQ732","CXCL3","C-X-C motif chemokine ligand 3"
"NM_002090","SEQ433","CXCL3","C-X-C motif chemokine ligand 3"
"NM_002090","SEQ434","CXCL3","C-X-C motif chemokine ligand 3"
"NM_002090","SEQ435","CXCL3","C-X-C motif chemokine ligand 3"
"NM_002092","SEQ85","GRSF1","G-rich RNA sequence binding factor 1"
"NM_002092","SEQ87","GRSF1","G-rich RNA sequence binding factor 1"
"NM_002092","SEQ451","GRSF1","G-rich RNA sequence binding factor 1"
"NM_002092","SEQ86","GRSF1","G-rich RNA sequence binding factor 1"
"NM_002095","SEQ124","GTF2E2","general transcription factor IIE subunit 2"
"NM_002095","SEQ125","GTF2E2","general transcription factor IIE subunit 2"
"NM_002095","SEQ123","GTF2E2","general transcription factor IIE subunit 2"
"NM_002098","SEQ733","GUCA1B","guanylate cyclase activator 1B"
"NM_002110","SEQ72","HCK","HCK proto-oncogene, Src family tyrosine kinase"
"NM_002110","SEQ443","HCK","HCK proto-oncogene, Src family tyrosine kinase"
"NM_002110","SEQ70","HCK","HCK proto-oncogene, Src family tyrosine kinase"
"NM_002110","SEQ71","HCK","HCK proto-oncogene, Src family tyrosine kinase"
"NM_002122.2","SEQ1143","HLA-DQA1","major histocompatibility complex, class II, DQ alpha 1"
"NM_002139","SEQ105","RBMX","RNA binding motif protein X-linked"
"NM_002139","SEQ103","RBMX","RNA binding motif protein X-linked"
"NM_002139","SEQ104","RBMX","RNA binding motif protein X-linked"
"NM_002140","SEQ129","HNRNPK","heterogeneous nuclear ribonucleoprotein K"
"NM_002140","SEQ131","HNRNPK","heterogeneous nuclear ribonucleoprotein K"
"NM_002140","SEQ130","HNRNPK","heterogeneous nuclear ribonucleoprotein K"
"NM_002145.2","SEQ1013","HOXB2","homeobox B2"
"NM_002184.2","SEQ1141","IL6ST","interleukin 6 cytokine family signal transducer"
"NM_002192","SEQ461","INHBA","inhibin subunit beta A"
"NM_002192","SEQ6","INHBA","inhibin subunit beta A"
"NM_002192","SEQ4","INHBA","inhibin subunit beta A"
"NM_002192","SEQ5","INHBA","inhibin subunit beta A"
"NM_002206.1","SEQ813","ITGA7","integrin subunit alpha 7"
"NM_002209.1","SEQ1359","ITGAL","integrin subunit alpha L"
"NM_002209.1","SEQ1358","ITGAL","integrin subunit alpha L"
"NM_002209.1","SEQ1360","ITGAL","integrin subunit alpha L"
"NM_002218","SEQ804","ITIH4","inter-alpha-trypsin inhibitor heavy chain 4"
"NM_002228","SEQ536","JUN","Jun proto-oncogene, AP-1 transcription factor subunit"
"NM_002257","SEQ612","KLK1","kallikrein 1"
"NM_002257","SEQ611","KLK1","kallikrein 1"
"NM_002266.1","SEQ972","KPNA2","karyopherin subunit alpha 2"
"NM_002300","SEQ734","LDHB","lactate dehydrogenase B"
"NM_002318","SEQ677","LOXL2","lysyl oxidase like 2"
"NM_002318","SEQ676","LOXL2","lysyl oxidase like 2"
"NM_002318","SEQ675","LOXL2","lysyl oxidase like 2"
"NM_002345.2","SEQ1357","LUM","lumican"
"NM_002345.2","SEQ977","LUM","lumican"
"NM_002345.2","SEQ1356","LUM","lumican"
"NM_002345.2","SEQ1355","LUM","lumican"
"NM_002356.4","SEQ912","MARCKS","myristoylated alanine rich protein kinase C substrate"
"NM_002372","SEQ203","MAN2A1","mannosidase alpha class 2A member 1"
"NM_002372","SEQ201","MAN2A1","mannosidase alpha class 2A member 1"
"NM_002372","SEQ202","MAN2A1","mannosidase alpha class 2A member 1"
"NM_002389","SEQ206","CD46","CD46 molecule"
"NM_002389","SEQ205","CD46","CD46 molecule"
"NM_002389","SEQ204","CD46","CD46 molecule"
"NM_002392","SEQ537","MDM2","MDM2 proto-oncogene"
"NM_002396","SEQ735","ME2","malic enzyme 2"
"NM_002412.1","SEQ1190","MGMT","O-6-methylguanine-DNA methyltransferase"
"NM_002414.3","SEQ1172","CD99","CD99 molecule (Xg blood group)"
"NM_002414.3","SEQ1173","CD99","CD99 molecule (Xg blood group)"
"NM_002414.3","SEQ1174","CD99","CD99 molecule (Xg blood group)"
"NM_002415","SEQ736","MIF","macrophage migration inhibitory factor"
"NM_002444.1","SEQ967","MSN","moesin"
"NM_002447.1","SEQ1014","MST1R","macrophage stimulating 1 receptor"
"NM_002449","SEQ402","MSX2","msh homeobox 2"
"NM_002449","SEQ404","MSX2","msh homeobox 2"
"NM_002449","SEQ403","MSX2","msh homeobox 2"
"NM_002474","SEQ737","MYH11","myosin heavy chain 11"
"NM_002484","SEQ39","NUBP1","nucleotide binding protein 1"
"NM_002484","SEQ37","NUBP1","nucleotide binding protein 1"
"NM_002484","SEQ38","NUBP1","nucleotide binding protein 1"
"NM_002484","SEQ450","NUBP1","nucleotide binding protein 1"
"NM_002485","SEQ538","NBN","nibrin"
"NM_002518","SEQ28","NPAS2","neuronal PAS domain protein 2"
"NM_002518","SEQ29","NPAS2","neuronal PAS domain protein 2"
"NM_002518","SEQ30","NPAS2","neuronal PAS domain protein 2"
"NM_002518","SEQ457","NPAS2","neuronal PAS domain protein 2"
"NM_002524","SEQ539","NRAS","NRAS proto-oncogene, GTPase"
"NM_002560","SEQ566","P2RX4","purinergic receptor P2X 4"
"NM_002572.1","SEQ835","PAFAH1B2","platelet activating factor acetylhydrolase 1b catalytic subunit 2"
"NM_002609","SEQ388","PDGFRB","platelet derived growth factor receptor beta"
"NM_002609","SEQ386","PDGFRB","platelet derived growth factor receptor beta"
"NM_002609","SEQ387","PDGFRB","platelet derived growth factor receptor beta"
"NM_002638","SEQ309","PI3","peptidase inhibitor 3"
"NM_002638.2","SEQ959","PI3","peptidase inhibitor 3"
"NM_002639","SEQ209","SERPINB5","serpin family B member 5"
"NM_002639","SEQ207","SERPINB5","serpin family B member 5"
"NM_002639","SEQ208","SERPINB5","serpin family B member 5"
"NM_002659","SEQ363","PLAUR","plasminogen activator, urokinase receptor"
"NM_002659","SEQ362","PLAUR","plasminogen activator, urokinase receptor"
"NM_002659","SEQ364","PLAUR","plasminogen activator, urokinase receptor"
"NM_002664","SEQ377","PLEK","pleckstrin"
"NM_002664","SEQ378","PLEK","pleckstrin"
"NM_002664","SEQ379","PLEK","pleckstrin"
"NM_002676","SEQ671","PMM1","phosphomannomutase 1"
"NM_002694","SEQ374","POLR2C","RNA polymerase II subunit C"
"NM_002694","SEQ375","POLR2C","RNA polymerase II subunit C"
"NM_002694","SEQ376","POLR2C","RNA polymerase II subunit C"
"NM_002719.2","SEQ983","PPP2R5C","protein phosphatase 2 regulatory subunit B'gamma"
"NM_002719.2","SEQ982","PPP2R5C","protein phosphatase 2 regulatory subunit B'gamma"
"NM_002719.2","SEQ981","PPP2R5C","protein phosphatase 2 regulatory subunit B'gamma"
"NM_002727.1","SEQ980","SRGN","serglycin"
"NM_002727.1","SEQ979","SRGN","serglycin"
"NM_002737","SEQ540","PRKCA","protein kinase C alpha"
"NM_002738","SEQ541","PRKCB","protein kinase C beta"
"NM_002757.2","SEQ1284","MAP2K5","mitogen-activated protein kinase kinase 5"
"NM_002757.2","SEQ1283","MAP2K5","mitogen-activated protein kinase kinase 5"
"NM_002757.2","SEQ1282","MAP2K5","mitogen-activated protein kinase kinase 5"
"NM_002775","SEQ117","HTRA1","HtrA serine peptidase 1"
"NM_002775","SEQ119","HTRA1","HtrA serine peptidase 1"
"NM_002775","SEQ118","HTRA1","HtrA serine peptidase 1"
"NM_002829","SEQ133","PTPN3","protein tyrosine phosphatase non-receptor type 3"
"NM_002829","SEQ132","PTPN3","protein tyrosine phosphatase non-receptor type 3"
"NM_002829","SEQ134","PTPN3","protein tyrosine phosphatase non-receptor type 3"
"NM_002840","SEQ282","PTPRF","protein tyrosine phosphatase receptor type F"
"NM_002840","SEQ283","PTPRF","protein tyrosine phosphatase receptor type F"
"NM_002840","SEQ284","PTPRF","protein tyrosine phosphatase receptor type F"
"NM_002842","SEQ570","PTPRH","protein tyrosine phosphatase receptor type H"
"NM_002842","SEQ569","PTPRH","protein tyrosine phosphatase receptor type H"
"NM_002842","SEQ571","PTPRH","protein tyrosine phosphatase receptor type H"
"NM_002847","SEQ143","PTPRN2","protein tyrosine phosphatase receptor type N2"
"NM_002847","SEQ142","PTPRN2","protein tyrosine phosphatase receptor type N2"
"NM_002847","SEQ141","PTPRN2","protein tyrosine phosphatase receptor type N2"
"NM_002871","SEQ43","RABIF","RAB interacting factor"
"NM_002871","SEQ456","RABIF","RAB interacting factor"
"NM_002871","SEQ45","RABIF","RAB interacting factor"
"NM_002871","SEQ44","RABIF","RAB interacting factor"
"NM_002875","SEQ542","RAD51","RAD51 recombinase"
"NM_002877","SEQ953","RAD51B","RAD51 paralog B"
"NM_002888.1","SEQ794","RARRES1","retinoic acid receptor responder 1"
"NM_002905","SEQ672","RDH5","retinol dehydrogenase 5"
"NM_002905","SEQ673","RDH5","retinol dehydrogenase 5"
"NM_002905","SEQ674","RDH5","retinol dehydrogenase 5"
"NM_002923.1","SEQ1315","RGS2","regulator of G protein signaling 2"
"NM_002923.1","SEQ1314","RGS2","regulator of G protein signaling 2"
"NM_002923.1","SEQ1313","RGS2","regulator of G protein signaling 2"
"NM_002963.2","SEQ963","S100A7","S100 calcium binding protein A7"
"NM_002964.3","SEQ961","S100A8","S100 calcium binding protein A8"
"NM_002982","SEQ438","CCL2","C-C motif chemokine ligand 2"
"NM_002983","SEQ410","CCL3","C-C motif chemokine ligand 3"
"NM_002983","SEQ408","CCL3","C-C motif chemokine ligand 3"
"NM_002983","SEQ409","CCL3","C-C motif chemokine ligand 3"
"NM_002986","SEQ407","CCL11","C-C motif chemokine ligand 11"
"NM_002986","SEQ405","CCL11","C-C motif chemokine ligand 11"
"NM_002986","SEQ406","CCL11","C-C motif chemokine ligand 11"
"NM_003014","SEQ738","SFRP4","secreted frizzled related protein 4"
"NM_003072.2","SEQ827","SMARCA4","SWI/SNF related, matrix associated, actin dependent regulator of chromatin, subfamily a, member 4"
"NM_003094","SEQ739","SNRPE","small nuclear ribonucleoprotein polypeptide E"
"NM_003094.1","SEQ1330","SNRPE","small nuclear ribonucleoprotein polypeptide E"
"NM_003103.5","SEQ1198","SON","SON DNA and RNA binding protein"
"NM_003103.5","SEQ1197","SON","SON DNA and RNA binding protein"
"NM_003103.5","SEQ1199","SON","SON DNA and RNA binding protein"
"NM_003105","SEQ795","SORL1","sortilin related receptor 1"
"NM_003115.3","SEQ1029","UAP1","UDP-N-acetylglucosamine pyrophosphorylase 1"
"NM_003118.1","SEQ1142","SPARC","secreted protein acidic and cysteine rich"
"NM_003121","SEQ691","SPIB","Spi-B transcription factor"
"NM_003121","SEQ692","SPIB","Spi-B transcription factor"
"NM_003122","SEQ417","SPINK1","serine peptidase inhibitor Kazal type 1"
"NM_003122","SEQ418","SPINK1","serine peptidase inhibitor Kazal type 1"
"NM_003125","SEQ325","SPRR1B","small proline rich protein 1B"
"NM_003125","SEQ323","SPRR1B","small proline rich protein 1B"
"NM_003125","SEQ324","SPRR1B","small proline rich protein 1B"
"NM_003130.2","SEQ853","SRI","sorcin"
"NM_003153","SEQ543","STAT6","signal transducer and activator of transcription 6"
"NM_003173","SEQ25","SUV39H1","suppressor of variegation 3-9 homolog 1"
"NM_003173","SEQ26","SUV39H1","suppressor of variegation 3-9 homolog 1"
"NM_003173","SEQ27","SUV39H1","suppressor of variegation 3-9 homolog 1"
"NM_003187","SEQ112","TAF9","TATA-box binding protein associated factor 9"
"NM_003187","SEQ113","TAF9","TATA-box binding protein associated factor 9"
"NM_003199.1","SEQ1156","TCF4","transcription factor 4"
"NM_003247.2","SEQ1333","THBS2","thrombospondin 2"
"NM_003247.2","SEQ1332","THBS2","thrombospondin 2"
"NM_003247.2","SEQ1331","THBS2","thrombospondin 2"
"NM_003278","SEQ690","CLEC3B","C-type lectin domain family 3 member B"
"NM_003282.1","SEQ1017","TNNI2","troponin I2, fast skeletal type"
"NM_003289","SEQ439","TPM2","tropomyosin 2"
"NM_003312","SEQ584","TST","thiosulfate sulfurtransferase"
"NM_003312","SEQ583","TST","thiosulfate sulfurtransferase"
"NM_003312","SEQ582","TST","thiosulfate sulfurtransferase"
"NM_003344","SEQ64","UBE2H","ubiquitin conjugating enzyme E2 H"
"NM_003344","SEQ65","UBE2H","ubiquitin conjugating enzyme E2 H"
"NM_003344","SEQ467","UBE2H","ubiquitin conjugating enzyme E2 H"
"NM_003344","SEQ66","UBE2H","ubiquitin conjugating enzyme E2 H"
"NM_003358","SEQ740","UGCG","UDP-glucose ceramide glucosyltransferase"
"NM_003376","SEQ614","VEGFA","vascular endothelial growth factor A"
"NM_003376","SEQ615","VEGFA","vascular endothelial growth factor A"
"NM_003376","SEQ613","VEGFA","vascular endothelial growth factor A"
"NM_003380","SEQ369","VIM","vimentin"
"NM_003380","SEQ370","VIM","vimentin"
"NM_003380","SEQ368","VIM","vimentin"
"NM_003465.1","SEQ1376","CHIT1","chitinase 1"
"NM_003465.1","SEQ1378","CHIT1","chitinase 1"
"NM_003465.1","SEQ1377","CHIT1","chitinase 1"
"NM_003467.1","SEQ771","CXCR4","C-X-C motif chemokine receptor 4"
"NM_003468","SEQ657","FZD5","frizzled class receptor 5"
"NM_003563.2","SEQ1006","SPOP","speckle type BTB/POZ protein"
"NM_003563.2","SEQ1007","SPOP","speckle type BTB/POZ protein"
"NM_003563.2","SEQ1005","SPOP","speckle type BTB/POZ protein"
"NM_003628.2","SEQ1290","PKP4","plakophilin 4"
"NM_003628.2","SEQ1289","PKP4","plakophilin 4"
"NM_003628.2","SEQ1288","PKP4","plakophilin 4"
"NM_003631","SEQ544","PARG","poly(ADP-ribose) glycohydrolase"
"NM_003636.2","SEQ1295","KCNAB2","potassium voltage-gated channel subfamily A regulatory beta subunit 2"
"NM_003636.2","SEQ1297","KCNAB2","potassium voltage-gated channel subfamily A regulatory beta subunit 2"
"NM_003636.2","SEQ1296","KCNAB2","potassium voltage-gated channel subfamily A regulatory beta subunit 2"
"NM_003665.2","SEQ1247","FCN3","ficolin 3"
"NM_003665.2","SEQ1246","FCN3","ficolin 3"
"NM_003665.2","SEQ1248","FCN3","ficolin 3"
"NM_003754","SEQ144","EIF3F","eukaryotic translation initiation factor 3 subunit F"
"NM_003754","SEQ146","EIF3F","eukaryotic translation initiation factor 3 subunit F"
"NM_003754","SEQ145","EIF3F","eukaryotic translation initiation factor 3 subunit F"
"NM_003919.1","SEQ1008","SGCE","sarcoglycan epsilon"
"NM_003925.1","SEQ1031","MBD4","methyl-CpG binding domain 4, DNA glycosylase"
"NM_003925.1","SEQ1032","MBD4","methyl-CpG binding domain 4, DNA glycosylase"
"NM_003925.1","SEQ1030","MBD4","methyl-CpG binding domain 4, DNA glycosylase"
"NM_003937.1","SEQ773","KYNU","kynureninase"
"NM_003980","SEQ89","MAP7","microtubule associated protein 7"
"NM_003980","SEQ464","MAP7","microtubule associated protein 7"
"NM_003980","SEQ90","MAP7","microtubule associated protein 7"
"NM_003980","SEQ88","MAP7","microtubule associated protein 7"
"NM_004046","SEQ567","ATP5F1A","ATP synthase F1 subunit alpha"
"NM_004046","SEQ568","ATP5F1A","ATP synthase F1 subunit alpha"
"NM_004053","SEQ603","BYSL","bystin like"
"NM_004053","SEQ604","BYSL","bystin like"
"NM_004053","SEQ602","BYSL","bystin like"
"NM_004053","SEQ601","BYSL","bystin like"
"NM_004060.3","SEQ1222","CCNG1","cyclin G1"
"NM_004060.3","SEQ1224","CCNG1","cyclin G1"
"NM_004060.3","SEQ1223","CCNG1","cyclin G1"
"NM_004105.2","SEQ978","EFEMP1","EGF containing fibulin extracellular matrix protein 1"
"NM_004106","SEQ445","FCER1G","Fc fragment of IgE receptor Ig"
"NM_004106","SEQ51","FCER1G","Fc fragment of IgE receptor Ig"
"NM_004106","SEQ49","FCER1G","Fc fragment of IgE receptor Ig"
"NM_004106","SEQ50","FCER1G","Fc fragment of IgE receptor Ig"
"NM_004134","SEQ545","HSPA9","heat shock protein family A (Hsp70) member 9"
"NM_004152","SEQ212","OAZ1","ornithine decarboxylase antizyme 1"
"NM_004152","SEQ211","OAZ1","ornithine decarboxylase antizyme 1"
"NM_004152","SEQ210","OAZ1","ornithine decarboxylase antizyme 1"
"NM_004217.1","SEQ882","AURKB","aurora kinase B"
"NM_004233.2","SEQ1169","CD83","CD83 molecule"
"NM_004233.2","SEQ1171","CD83","CD83 molecule"
"NM_004233.2","SEQ1170","CD83","CD83 molecule"
"NM_004295.2","SEQ925","TRAF4","TNF receptor associated factor 4"
"NM_004313.3","SEQ1206","ARRB2","arrestin beta 2"
"NM_004313.3","SEQ1208","ARRB2","arrestin beta 2"
"NM_004313.3","SEQ1207","ARRB2","arrestin beta 2"
"NM_004331.1","SEQ859","BNIP3L","BCL2 interacting protein 3 like"
"NM_004335.2","SEQ976","BST2","bone marrow stromal cell antigen 2"
"NM_004342.4","SEQ975","CALD1","caldesmon 1"
"NM_004346","SEQ546","CASP3","caspase 3"
"NM_004354","SEQ2","CCNG2","cyclin G2"
"NM_004354","SEQ3","CCNG2","cyclin G2"
"NM_004354","SEQ1","CCNG2","cyclin G2"
"NM_004354","SEQ453","CCNG2","cyclin G2"
"NM_004358","SEQ215","CDC25B","cell division cycle 25B"
"NM_004358","SEQ213","CDC25B","cell division cycle 25B"
"NM_004358","SEQ214","CDC25B","cell division cycle 25B"
"NM_004369","SEQ609","COL6A3","collagen type VI alpha 3 chain"
"NM_004369","SEQ608","COL6A3","collagen type VI alpha 3 chain"
"NM_004369","SEQ610","COL6A3","collagen type VI alpha 3 chain"
"NM_004369.1","SEQ1354","COL6A3","collagen type VI alpha 3 chain"
"NM_004369.1","SEQ1352","COL6A3","collagen type VI alpha 3 chain"
"NM_004369.1","SEQ1353","COL6A3","collagen type VI alpha 3 chain"
"NM_004376.3","SEQ891","COX15","cytochrome c oxidase assembly homolog COX15"
"NM_004377.2","SEQ1213","CPT1B","carnitine palmitoyltransferase 1B"
"NM_004377.2","SEQ1214","CPT1B","carnitine palmitoyltransferase 1B"
"NM_004377.2","SEQ1215","CPT1B","carnitine palmitoyltransferase 1B"
"NM_004380","SEQ547","CREBBP","CREB binding protein"
"NM_004453","SEQ635","ETFDH","electron transfer flavoprotein dehydrogenase"
"NM_004453","SEQ636","ETFDH","electron transfer flavoprotein dehydrogenase"
"NM_004453","SEQ633","ETFDH","electron transfer flavoprotein dehydrogenase"
"NM_004453","SEQ634","ETFDH","electron transfer flavoprotein dehydrogenase"
"NM_004503","SEQ120","HOXC6","homeobox C6"
"NM_004503","SEQ121","HOXC6","homeobox C6"
"NM_004503","SEQ122","HOXC6","homeobox C6"
"NM_004545.3","SEQ885","NDUFB1","NADH:ubiquinone oxidoreductase subunit B1"
"NM_004566.1","SEQ955","PFKFB3","6-phosphofructo-2-kinase/fructose-2,6-biphosphatase 3"
"NM_004615","SEQ597","TSPAN7","tetraspanin 7"
"NM_004615","SEQ596","TSPAN7","tetraspanin 7"
"NM_004615","SEQ595","TSPAN7","tetraspanin 7"
"NM_004632.2","SEQ947","DAP3","death associated protein 3"
"NM_004633","SEQ685","IL1R2","interleukin 1 receptor type 2"
"NM_004633","SEQ684","IL1R2","interleukin 1 receptor type 2"
"NM_004633","SEQ686","IL1R2","interleukin 1 receptor type 2"
"NM_004663","SEQ399","RAB11A","RAB11A, member RAS oncogene family"
"NM_004663","SEQ400","RAB11A","RAB11A, member RAS oncogene family"
"NM_004663","SEQ401","RAB11A","RAB11A, member RAS oncogene family"
"NM_004674.1","SEQ920","ASH2L","ASH2 like, histone lysine methyltransferase complex subunit"
"NM_004692","SEQ1001","INA","internexin neuronal intermediate filament protein alpha"
"NM_004701","SEQ548","CCNB2","cyclin B2"
"NM_004735","SEQ496","LRRFIP1","LRR binding FLII interacting protein 1"
"NM_004735","SEQ495","LRRFIP1","LRR binding FLII interacting protein 1"
"NM_004735","SEQ497","LRRFIP1","LRR binding FLII interacting protein 1"
"NM_004781","SEQ436","VAMP3","vesicle associated membrane protein 3"
"NM_004812","SEQ1019","AKR1B10","aldo-keto reductase family 1 member B10"
"NM_004867.2","SEQ989","ITM2A","integral membrane protein 2A"
"NM_004872","SEQ217","TMEM59","transmembrane protein 59"
"NM_004872","SEQ218","TMEM59","transmembrane protein 59"
"NM_004872","SEQ216","TMEM59","transmembrane protein 59"
"NM_004915.2","SEQ1163","ABCG1","ATP binding cassette subfamily G member 1"
"NM_004915.2","SEQ1164","ABCG1","ATP binding cassette subfamily G member 1"
"NM_004915.2","SEQ1165","ABCG1","ATP binding cassette subfamily G member 1"
"NM_004924.3","SEQ852","ACTN4","actinin alpha 4"
"NM_004985.3","SEQ759","KRAS","KRAS proto-oncogene, GTPase"
"NM_004994","SEQ423","MMP9","matrix metallopeptidase 9"
"NM_004994","SEQ422","MMP9","matrix metallopeptidase 9"
"NM_005008.1","SEQ1188","SNU13","small nuclear ribonucleoprotein 13"
"NM_005008.1","SEQ1189","SNU13","small nuclear ribonucleoprotein 13"
"NM_005008.1","SEQ1187","SNU13","small nuclear ribonucleoprotein 13"
"NM_005016.2","SEQ839","PCBP2","poly(rC) binding protein 2"
"NM_005030.3","SEQ825","PLK1","polo like kinase 1"
"NM_005087.1","SEQ832","FXR1","FMR1 autosomal homolog 1"
"NM_005100","SEQ741","AKAP12","A-kinase anchoring protein 12"
"NM_005103.3","SEQ1244","FEZ1","fasciculation and elongation protein zeta 1"
"NM_005103.3","SEQ1245","FEZ1","fasciculation and elongation protein zeta 1"
"NM_005103.3","SEQ1243","FEZ1","fasciculation and elongation protein zeta 1"
"NM_005127.2","SEQ1037","CLEC2B","C-type lectin domain family 2 member B"
"NM_005128.1","SEQ1217","DOP1B","DOP1 leucine zipper like protein B"
"NM_005128.1","SEQ1216","DOP1B","DOP1 leucine zipper like protein B"
"NM_005128.1","SEQ1218","DOP1B","DOP1 leucine zipper like protein B"
"NM_005157","SEQ549","ABL1","ABL proto-oncogene 1, non-receptor tyrosine kinase"
"NM_005163","SEQ550","AKT1","AKT serine/threonine kinase 1"
"NM_005173","SEQ704","ATP2A3","ATPase sarcoplasmic/endoplasmic reticulum Ca2+ transporting 3"
"NM_005173","SEQ702","ATP2A3","ATPase sarcoplasmic/endoplasmic reticulum Ca2+ transporting 3"
"NM_005173","SEQ703","ATP2A3","ATPase sarcoplasmic/endoplasmic reticulum Ca2+ transporting 3"
"NM_005225","SEQ551","E2F1","E2F transcription factor 1"
"NM_005238","SEQ552","ETS1","ETS proto-oncogene 1, transcription factor"
"NM_005239","SEQ553","ETS2","ETS proto-oncogene 2, transcription factor"
"NM_005245.1","SEQ870","FAT1","FAT atypical cadherin 1"
"NM_005261","SEQ431","GEM","GTP binding protein overexpressed in skeletal muscle"
"NM_005261","SEQ432","GEM","GTP binding protein overexpressed in skeletal muscle"
"NM_005261","SEQ430","GEM","GTP binding protein overexpressed in skeletal muscle"
"NM_005310.1","SEQ1040","GRB7","growth factor receptor bound protein 7"
"NM_005393.1","SEQ1294","PLXNB3","plexin B3"
"NM_005393.1","SEQ1292","PLXNB3","plexin B3"
"NM_005393.1","SEQ1293","PLXNB3","plexin B3"
"NM_005410","SEQ700","SELENOP","selenoprotein P"
"NM_005410","SEQ699","SELENOP","selenoprotein P"
"NM_005410","SEQ701","SELENOP","selenoprotein P"
"NM_005428","SEQ554","VAV1","vav guanine nucleotide exchange factor 1"
"NM_005485.2","SEQ896","PARP3","poly(ADP-ribose) polymerase family member 3"
"NM_005520","SEQ742","HNRNPH1","heterogeneous nuclear ribonucleoprotein H1"
"NM_005522.3","SEQ762","HOXA1","homeobox A1"
"NM_005530","SEQ645","IDH3A","isocitrate dehydrogenase (NAD(+)) 3 catalytic subunit alpha"
"NM_005530","SEQ644","IDH3A","isocitrate dehydrogenase (NAD(+)) 3 catalytic subunit alpha"
"NM_005530","SEQ643","IDH3A","isocitrate dehydrogenase (NAD(+)) 3 catalytic subunit alpha"
"NM_005547.1","SEQ760","IVL","involucrin"
"NM_005554","SEQ314","KRT6A","keratin 6A"
"NM_005554","SEQ315","KRT6A","keratin 6A"
"NM_005554","SEQ316","KRT6A","keratin 6A"
"NM_005554.2","SEQ965","KRT6A","keratin 6A"
"NM_005556.2","SEQ1341","KRT7","keratin 7"
"NM_005556.2","SEQ1340","KRT7","keratin 7"
"NM_005556.2","SEQ1342","KRT7","keratin 7"
"NM_005558","SEQ769","LAD1","ladinin 1"
"NM_005560.3","SEQ1267","LAMA5","laminin subunit alpha 5"
"NM_005560.3","SEQ1269","LAMA5","laminin subunit alpha 5"
"NM_005560.3","SEQ1268","LAMA5","laminin subunit alpha 5"
"NM_005565","SEQ354","LCP2","lymphocyte cytosolic protein 2"
"NM_005565","SEQ355","LCP2","lymphocyte cytosolic protein 2"
"NM_005565","SEQ353","LCP2","lymphocyte cytosolic protein 2"
"NM_005569","SEQ803","LIMK2","LIM domain kinase 2"
"NM_005575.1","SEQ824","LNPEP","leucyl and cystinyl aminopeptidase"
"NM_005581.2","SEQ993","BCAM","basal cell adhesion molecule (Lutheran blood group)"
"NM_005586","SEQ664","MDFI","MyoD family inhibitor"
"NM_005589.2","SEQ874","ALDH6A1","aldehyde dehydrogenase 6 family member A1"
"NM_005590","SEQ555","MRE11","MRE11 homolog, double strand break repair nuclease"
"NM_005594.2","SEQ1285","NACA","nascent polypeptide associated complex subunit alpha"
"NM_005594.2","SEQ1286","NACA","nascent polypeptide associated complex subunit alpha"
"NM_005594.2","SEQ1287","NACA","nascent polypeptide associated complex subunit alpha"
"NM_005621.1","SEQ957","S100A12","S100 calcium binding protein A12"
"NM_005625.1","SEQ970","SDCBP","syndecan binding protein"
"NM_005625.1","SEQ971","SDCBP","syndecan binding protein"
"NM_005625.1","SEQ969","SDCBP","syndecan binding protein"
"NM_005642.2","SEQ866","TAF7","TATA-box binding protein associated factor 7"
"NM_005659.3","SEQ883","UFD1","ubiquitin recognition factor in ER associated degradation 1"
"NM_005682","SEQ743","ADGRG1","adhesion G protein-coupled receptor G1"
"NM_005685","SEQ744","GTF2IRD1","GTF2I repeat domain containing 1"
"NM_005732","SEQ556","RAD50","RAD50 double strand break repair protein"
"NM_005744","SEQ221","ARIH1","ariadne RBR E3 ubiquitin protein ligase 1"
"NM_005744","SEQ219","ARIH1","ariadne RBR E3 ubiquitin protein ligase 1"
"NM_005744","SEQ220","ARIH1","ariadne RBR E3 ubiquitin protein ligase 1"
"NM_005759","SEQ466","ABI2","abl interactor 2"
"NM_005759","SEQ40","ABI2","abl interactor 2"
"NM_005759","SEQ42","ABI2","abl interactor 2"
"NM_005759","SEQ41","ABI2","abl interactor 2"
"NM_005764.2","SEQ895","PDZK1IP1","PDZK1 interacting protein 1"
"NM_005768","SEQ661","LPCAT3","lysophosphatidylcholine acyltransferase 3"
"NM_005768","SEQ663","LPCAT3","lysophosphatidylcholine acyltransferase 3"
"NM_005768","SEQ662","LPCAT3","lysophosphatidylcholine acyltransferase 3"
"NM_005780.1","SEQ782","LHFPL6","LHFPL tetraspan subfamily member 6"
"NM_005781.2","SEQ863","TNK2","tyrosine kinase non receptor 2"
"NM_005822","SEQ580","RCAN2","regulator of calcineurin 2"
"NM_005822","SEQ579","RCAN2","regulator of calcineurin 2"
"NM_005822","SEQ581","RCAN2","regulator of calcineurin 2"
"NM_005854.1","SEQ865","RAMP2","receptor activity modifying protein 2"
"NM_005885","SEQ745","MARCHF6","membrane associated ring-CH-type finger 6"
"NM_005902","SEQ390","SMAD3","SMAD family member 3"
"NM_005902","SEQ391","SMAD3","SMAD family member 3"
"NM_005902","SEQ389","SMAD3","SMAD family member 3"
"NM_005903.4","SEQ871","SMAD5","SMAD family member 5"
"NM_005916.3","SEQ820","MCM7","minichromosome maintenance complex component 7"
"NM_005928","SEQ127","MFGE8","milk fat globule EGF and factor V/VIII domain containing"
"NM_005928","SEQ128","MFGE8","milk fat globule EGF and factor V/VIII domain containing"
"NM_005928","SEQ126","MFGE8","milk fat globule EGF and factor V/VIII domain containing"
"NM_005940.2","SEQ966","MMP11","matrix metallopeptidase 11"
"NM_005949.1","SEQ1278","MT1F","metallothionein 1F"
"NM_005949.1","SEQ1276","MT1F","metallothionein 1F"
"NM_005949.1","SEQ1277","MT1F","metallothionein 1F"
"NM_005987","SEQ326","SPRR1A","small proline rich protein 1A"
"NM_005987","SEQ328","SPRR1A","small proline rich protein 1A"
"NM_005987","SEQ327","SPRR1A","small proline rich protein 1A"
"NM_005988.1","SEQ962","SPRR2A","small proline rich protein 2A"
"NM_005988.1","SEQ960","SPRR2A","small proline rich protein 2A"
"NM_006055.1","SEQ935","LANCL1","LanC like 1"
"NM_006079","SEQ384","CITED2","Cbp/p300 interacting transactivator with Glu/Asp rich carboxy-terminal domain 2"
"NM_006079","SEQ385","CITED2","Cbp/p300 interacting transactivator with Glu/Asp rich carboxy-terminal domain 2"
"NM_006079","SEQ383","CITED2","Cbp/p300 interacting transactivator with Glu/Asp rich carboxy-terminal domain 2"
"NM_006209","SEQ746","ENPP2","ectonucleotide pyrophosphatase/phosphodiesterase 2"
"NM_006216.2","SEQ1329","SERPINE2","serpin family E member 2"
"NM_006216.2","SEQ1327","SERPINE2","serpin family E member 2"
"NM_006216.2","SEQ1328","SERPINE2","serpin family E member 2"
"NM_006225","SEQ646","PLCD1","phospholipase C delta 1"
"NM_006225","SEQ647","PLCD1","phospholipase C delta 1"
"NM_006225","SEQ648","PLCD1","phospholipase C delta 1"
"NM_006227.2","SEQ958","PLTP","phospholipid transfer protein"
"NM_006238","SEQ223","PPARD","peroxisome proliferator activated receptor delta"
"NM_006238","SEQ222","PPARD","peroxisome proliferator activated receptor delta"
"NM_006238","SEQ224","PPARD","peroxisome proliferator activated receptor delta"
"NM_006264.1","SEQ1311","PTPN13","protein tyrosine phosphatase non-receptor type 13"
"NM_006264.1","SEQ1310","PTPN13","protein tyrosine phosphatase non-receptor type 13"
"NM_006264.1","SEQ1312","PTPN13","protein tyrosine phosphatase non-receptor type 13"
"NM_006275","SEQ747","SRSF6","serine and arginine rich splicing factor 6"
"NM_006278.1","SEQ996","ST3GAL4","ST3 beta-galactoside alpha-2,3-sialyltransferase 4"
"NM_006353","SEQ32","HMGN4","high mobility group nucleosomal binding domain 4"
"NM_006353","SEQ31","HMGN4","high mobility group nucleosomal binding domain 4"
"NM_006353","SEQ458","HMGN4","high mobility group nucleosomal binding domain 4"
"NM_006353","SEQ33","HMGN4","high mobility group nucleosomal binding domain 4"
"NM_006401","SEQ137","ANP32B","acidic nuclear phosphoprotein 32 family member B"
"NM_006401","SEQ136","ANP32B","acidic nuclear phosphoprotein 32 family member B"
"NM_006401","SEQ135","ANP32B","acidic nuclear phosphoprotein 32 family member B"
"NM_006439","SEQ748","MAB21L2","mab-21 like 2"
"NM_006441","SEQ167","MTHFS","methenyltetrahydrofolate synthetase"
"NM_006441","SEQ165","MTHFS","methenyltetrahydrofolate synthetase"
"NM_006441","SEQ166","MTHFS","methenyltetrahydrofolate synthetase"
"NM_006475","SEQ424","POSTN","periostin"
"NM_006475","SEQ426","POSTN","periostin"
"NM_006475","SEQ425","POSTN","periostin"
"NM_006518","SEQ313","SPRR2C","small proline rich protein 2C (pseudogene)"
"NM_006726","SEQ398","LRBA","LPS responsive beige-like anchor protein"
"NM_006726","SEQ396","LRBA","LPS responsive beige-like anchor protein"
"NM_006726","SEQ397","LRBA","LPS responsive beige-like anchor protein"
"NM_006732","SEQ147","FOSB","FosB proto-oncogene, AP-1 transcription factor subunit"
"NM_006732","SEQ149","FOSB","FosB proto-oncogene, AP-1 transcription factor subunit"
"NM_006732","SEQ148","FOSB","FosB proto-oncogene, AP-1 transcription factor subunit"
"NM_006738","SEQ749","AKAP13","A-kinase anchoring protein 13"
"NM_006748","SEQ371","SLA","Src like adaptor"
"NM_006748","SEQ373","SLA","Src like adaptor"
"NM_006748","SEQ372","SLA","Src like adaptor"
"NM_006754","SEQ23","SYPL1","synaptophysin like 1"
"NM_006754","SEQ24","SYPL1","synaptophysin like 1"
"NM_006754","SEQ463","SYPL1","synaptophysin like 1"
"NM_006754","SEQ22","SYPL1","synaptophysin like 1"
"NM_006760.1","SEQ1022","UPK2","uroplakin 2"
"NM_006805.2","SEQ823","HNRNPA0","heterogeneous nuclear ribonucleoprotein A0"
"NM_006844.3","SEQ1256","ILVBL","ilvB acetolactate synthase like"
"NM_006844.3","SEQ1255","ILVBL","ilvB acetolactate synthase like"
"NM_006844.3","SEQ1257","ILVBL","ilvB acetolactate synthase like"
"NM_006903","SEQ10","PPA2","inorganic pyrophosphatase 2"
"NM_006903","SEQ468","PPA2","inorganic pyrophosphatase 2"
"NM_006903","SEQ12","PPA2","inorganic pyrophosphatase 2"
"NM_006903","SEQ11","PPA2","inorganic pyrophosphatase 2"
"NM_006942.1","SEQ772","SOX15","SRY-box transcription factor 15"
"NM_006945","SEQ329","SPRR2D","small proline rich protein 2D"
"NM_006945","SEQ331","SPRR2D","small proline rich protein 2D"
"NM_006945","SEQ330","SPRR2D","small proline rich protein 2D"
"NM_007002","SEQ139","ADRM1","adhesion regulating molecule 1"
"NM_007002","SEQ140","ADRM1","adhesion regulating molecule 1"
"NM_007002","SEQ138","ADRM1","adhesion regulating molecule 1"
"NM_007008","SEQ227","RTN4","reticulon 4"
"NM_007008","SEQ225","RTN4","reticulon 4"
"NM_007008","SEQ226","RTN4","reticulon 4"
"NM_007085","SEQ641","FSTL1","follistatin like 1"
"NM_007085","SEQ640","FSTL1","follistatin like 1"
"NM_007085","SEQ642","FSTL1","follistatin like 1"
"NM_007106.2","SEQ877","UBL3","ubiquitin like 3"
"NM_007110","SEQ557","TEP1","telomerase associated protein 1"
"NM_007144.2","SEQ997","PCGF2","polycomb group ring finger 2"
"NM_007181","SEQ797","MAP4K1","mitogen-activated protein kinase kinase kinase kinase 1"
"NM_007193.2","SEQ1038","ANXA10","annexin A10"
"NM_007218.3","SEQ951","RNF139","ring finger protein 139"
"NM_007229.1","SEQ1306","PACSIN2","protein kinase C and casein kinase substrate in neurons 2"
"NM_007229.1","SEQ1304","PACSIN2","protein kinase C and casein kinase substrate in neurons 2"
"NM_007229.1","SEQ1305","PACSIN2","protein kinase C and casein kinase substrate in neurons 2"
"NM_007283","SEQ658","MGLL","monoglyceride lipase"
"NM_007283","SEQ659","MGLL","monoglyceride lipase"
"NM_007283","SEQ660","MGLL","monoglyceride lipase"
"NM_007295","SEQ558","BRCA1","BRCA1 DNA repair associated"
"NM_007331.1","SEQ850","NSD2","nuclear receptor binding SET domain protein 2"
"NM_007373.1","SEQ991","SHOC2","SHOC2 leucine rich repeat scaffold protein"
"NM_007373.1","SEQ992","SHOC2","SHOC2 leucine rich repeat scaffold protein"
"NM_007373.1","SEQ990","SHOC2","SHOC2 leucine rich repeat scaffold protein"
"NM_012090.3","SEQ849","MACF1","microtubule actin crosslinking factor 1"
"NM_012094.3","SEQ858","PRDX5","peroxiredoxin 5"
"NM_012097.2","SEQ779","ARL5A","ADP ribosylation factor like GTPase 5A"
"NM_012097.2","SEQ780","ARL5A","ADP ribosylation factor like GTPase 5A"
"NM_012097.2","SEQ778","ARL5A","ADP ribosylation factor like GTPase 5A"
"NM_012101.2","SEQ1041","TRIM29","tripartite motif containing 29"
"NM_012120.1","SEQ1168","CD2AP","CD2 associated protein"
"NM_012120.1","SEQ1167","CD2AP","CD2 associated protein"
"NM_012120.1","SEQ1166","CD2AP","CD2 associated protein"
"NM_012128.2","SEQ788","CLCA4","chloride channel accessory 4"
"NM_012161","SEQ228","FBXL5","F-box and leucine rich repeat protein 5"
"NM_012161","SEQ230","FBXL5","F-box and leucine rich repeat protein 5"
"NM_012161","SEQ229","FBXL5","F-box and leucine rich repeat protein 5"
"NM_012161.2","SEQ1025","FBXL5","F-box and leucine rich repeat protein 5"
"NM_012161.2","SEQ1023","FBXL5","F-box and leucine rich repeat protein 5"
"NM_012161.2","SEQ1024","FBXL5","F-box and leucine rich repeat protein 5"
"NM_012164.2","SEQ1035","FBXW2","F-box and WD repeat domain containing 2"
"NM_012164.2","SEQ1036","FBXW2","F-box and WD repeat domain containing 2"
"NM_012164.2","SEQ1034","FBXW2","F-box and WD repeat domain containing 2"
"NM_012257.2","SEQ931","HBP1","HMG-box transcription factor 1"
"NM_012310.2","SEQ950","KIF4A","kinesin family member 4A"
"NM_012326.2","SEQ998","MAPRE3","microtubule associated protein RP/EB family member 3"
"NM_012331","SEQ498","MSRA","methionine sulfoxide reductase A"
"NM_012388.2","SEQ922","BLOC1S6","biogenesis of lysosomal organelles complex 1 subunit 6"
"NM_012408.3","SEQ1308","ZMYND8","zinc finger MYND-type containing 8"
"NM_012408.3","SEQ1309","ZMYND8","zinc finger MYND-type containing 8"
"NM_012408.3","SEQ1307","ZMYND8","zinc finger MYND-type containing 8"
"NM_012426.2","SEQ815","SF3B3","splicing factor 3b subunit 3"
"NM_012433","SEQ270","SF3B1","splicing factor 3b subunit 1"
"NM_012433","SEQ272","SF3B1","splicing factor 3b subunit 1"
"NM_012433","SEQ271","SF3B1","splicing factor 3b subunit 1"
"NM_013229","SEQ559","APAF1","apoptotic peptidase activating factor 1"
"NM_013236.1","SEQ1271","ATXN10","ataxin 10"
"NM_013236.1","SEQ1270","ATXN10","ataxin 10"
"NM_013236.1","SEQ1272","ATXN10","ataxin 10"
"NM_013241","SEQ291","FHOD1","formin homology 2 domain containing 1"
"NM_013241","SEQ293","FHOD1","formin homology 2 domain containing 1"
"NM_013241","SEQ292","FHOD1","formin homology 2 domain containing 1"
"NM_013283.3","SEQ808","MAT2B","methionine adenosyltransferase 2B"
"NM_013436.2","SEQ899","NCKAP1","NCK associated protein 1"
"NM_013440.3","SEQ918","PILRB","paired immunoglobin like type 2 receptor beta"
"NM_013943.1","SEQ974","CLIC4","chloride intracellular channel 4"
"NM_013956","SEQ233","NRG1","neuregulin 1"
"NM_013956","SEQ232","NRG1","neuregulin 1"
"NM_013956","SEQ231","NRG1","neuregulin 1"
"NM_014051.2","SEQ836","TMEM14A","transmembrane protein 14A"
"NM_014138.2","SEQ917","FAM156A/FAM156B","family with sequence similarity 156 member A"
"NM_014216.3","SEQ1258","ITPK1","inositol-tetrakisphosphate 1-kinase"
"NM_014216.3","SEQ1259","ITPK1","inositol-tetrakisphosphate 1-kinase"
"NM_014216.3","SEQ1260","ITPK1","inositol-tetrakisphosphate 1-kinase"
"NM_014247","SEQ235","RAPGEF2","Rap guanine nucleotide exchange factor 2"
"NM_014247","SEQ236","RAPGEF2","Rap guanine nucleotide exchange factor 2"
"NM_014247","SEQ234","RAPGEF2","Rap guanine nucleotide exchange factor 2"
"NM_014362.2","SEQ1157","HIBCH","3-hydroxyisobutyryl-CoA hydrolase"
"NM_014362.2","SEQ1159","HIBCH","3-hydroxyisobutyryl-CoA hydrolase"
"NM_014362.2","SEQ1158","HIBCH","3-hydroxyisobutyryl-CoA hydrolase"
"NM_014392","SEQ156","NSG1","neuronal vesicle trafficking associated 1"
"NM_014392","SEQ158","NSG1","neuronal vesicle trafficking associated 1"
"NM_014392","SEQ273","NSG1","neuronal vesicle trafficking associated 1"
"NM_014392","SEQ274","NSG1","neuronal vesicle trafficking associated 1"
"NM_014392","SEQ275","NSG1","neuronal vesicle trafficking associated 1"
"NM_014392","SEQ157","NSG1","neuronal vesicle trafficking associated 1"
"NM_014392.2","SEQ828","NSG1","neuronal vesicle trafficking associated 1"
"NM_014400.1","SEQ1009","LYPD3","LY6/PLAUR domain containing 3"
"NM_014417.2","SEQ1045","BBC3","BCL2 binding component 3"
"NM_014476.1","SEQ1196","PDLIM3","PDZ and LIM domain 3"
"NM_014476.1","SEQ1195","PDLIM3","PDZ and LIM domain 3"
"NM_014476.1","SEQ1194","PDLIM3","PDZ and LIM domain 3"
"NM_014501.1","SEQ878","UBE2S","ubiquitin conjugating enzyme E2 S"
"NM_014515.1","SEQ857","CNOT2","CCR4-NOT transcription complex subunit 2"
"NM_014571.2","SEQ822","HEYL","hes related family bHLH transcription factor with YRPW motif like"
"NM_014608.1","SEQ821","CYFIP1","cytoplasmic FMR1 interacting protein 1"
"NM_014670.1","SEQ945","BZW1","basic leucine zipper and W2 domains 1"
"NM_014714","SEQ295","IFT140","intraflagellar transport 140"
"NM_014714","SEQ294","IFT140","intraflagellar transport 140"
"NM_014714","SEQ296","IFT140","intraflagellar transport 140"
"NM_014744.1","SEQ1202","TBC1D5","TBC1 domain family member 5"
"NM_014744.1","SEQ1201","TBC1D5","TBC1 domain family member 5"
"NM_014744.1","SEQ1200","TBC1D5","TBC1 domain family member 5"
"NM_014779.2","SEQ1183","TSC22D2","TSC22 domain family member 2"
"NM_014779.2","SEQ1181","TSC22D2","TSC22 domain family member 2"
"NM_014779.2","SEQ1182","TSC22D2","TSC22 domain family member 2"
"NM_014800.8","SEQ1234","ELMO1","engulfment and cell motility 1"
"NM_014800.8","SEQ1235","ELMO1","engulfment and cell motility 1"
"NM_014800.8","SEQ1236","ELMO1","engulfment and cell motility 1"
"NM_014837","SEQ154","SMG7","SMG7 nonsense mediated mRNA decay factor"
"NM_014837","SEQ153","SMG7","SMG7 nonsense mediated mRNA decay factor"
"NM_014837","SEQ155","SMG7","SMG7 nonsense mediated mRNA decay factor"
"NM_014846","SEQ98","WASHC5","WASH complex subunit 5"
"NM_014846","SEQ97","WASHC5","WASH complex subunit 5"
"NM_014846","SEQ99","WASHC5","WASH complex subunit 5"
"NM_014871.1","SEQ906","PAN2","poly(A) specific ribonuclease subunit PAN2"
"NM_014884.1","SEQ887","SUGP2","SURP and G-patch domain containing 2"
"NM_014890.1","SEQ1233","FILIP1L","filamin A interacting protein 1 like"
"NM_014890.1","SEQ1231","FILIP1L","filamin A interacting protein 1 like"
"NM_014890.1","SEQ1232","FILIP1L","filamin A interacting protein 1 like"
"NM_014900.1","SEQ884","COBLL1","cordon-bleu WH2 repeat protein like 1"
"NM_014947.1","SEQ954","FOXJ3","forkhead box J3"
"NM_015071","SEQ560","ARHGAP26","Rho GTPase activating protein 26"
"NM_015076.2","SEQ1150","CDK19","cyclin dependent kinase 19"
"NM_015076.2","SEQ1149","CDK19","cyclin dependent kinase 19"
"NM_015076.2","SEQ1151","CDK19","cyclin dependent kinase 19"
"NM_015103.1","SEQ846","PLXND1","plexin D1"
"NM_015107.1","SEQ845","PHF8","PHD finger protein 8"
"NM_015112.1","SEQ841","MAST2","microtubule associated serine/threonine kinase 2"
"NM_015125.2","SEQ1144","CIC","capicua transcriptional repressor"
"NM_015125.2","SEQ1145","CIC","capicua transcriptional repressor"
"NM_015139","SEQ587","SLC35D1","solute carrier family 35 member D1"
"NM_015139","SEQ586","SLC35D1","solute carrier family 35 member D1"
"NM_015139","SEQ585","SLC35D1","solute carrier family 35 member D1"
"NM_015141","SEQ577","GPD1L","glycerol-3-phosphate dehydrogenase 1 like"
"NM_015141","SEQ576","GPD1L","glycerol-3-phosphate dehydrogenase 1 like"
"NM_015141","SEQ578","GPD1L","glycerol-3-phosphate dehydrogenase 1 like"
"NM_015143.1","SEQ1280","METAP1","methionyl aminopeptidase 1"
"NM_015143.1","SEQ1281","METAP1","methionyl aminopeptidase 1"
"NM_015143.1","SEQ1279","METAP1","methionyl aminopeptidase 1"
"NM_015162.3","SEQ1018","ACSBG1","acyl-CoA synthetase bubblegum family member 1"
"NM_015255.1","SEQ936","UBR2","ubiquitin protein ligase E3 component n-recognin 2"
"NM_015339.2","SEQ916","ADNP","activity dependent neuroprotector homeobox"
"NM_015366","SEQ798","PRR5","proline rich 5"
"NM_015430.1","SEQ810","PAMR1","peptidase domain containing associated with muscle regeneration 1"
"NM_015640.1","SEQ1191","SERBP1","SERPINE1 mRNA binding protein 1"
"NM_015640.1","SEQ1192","SERBP1","SERPINE1 mRNA binding protein 1"
"NM_015640.1","SEQ1193","SERBP1","SERPINE1 mRNA binding protein 1"
"NM_015714","SEQ345","G0S2","G0/G1 switch 2"
"NM_015714","SEQ346","G0S2","G0/G1 switch 2"
"NM_015714","SEQ344","G0S2","G0/G1 switch 2"
"NM_015716.2","SEQ1027","MINK1","misshapen like kinase 1"
"NM_015898.2","SEQ844","ZBTB7A","zinc finger and BTB domain containing 7A"
"NM_015947.1","SEQ854","ASCC1","activating signal cointegrator 1 complex subunit 1"
"NM_016009.2","SEQ860","SH3GLB1","SH3 domain containing GRB2 like, endophilin B1"
"NM_016013.1","SEQ1186","NDUFAF1","NADH:ubiquinone oxidoreductase complex assembly factor 1"
"NM_016013.1","SEQ1184","NDUFAF1","NADH:ubiquinone oxidoreductase complex assembly factor 1"
"NM_016013.1","SEQ1185","NDUFAF1","NADH:ubiquinone oxidoreductase complex assembly factor 1"
"NM_016205.1","SEQ783","PDGFC","platelet derived growth factor C"
"NM_016229","SEQ237","CYB5R2","cytochrome b5 reductase 2"
"NM_016229","SEQ238","CYB5R2","cytochrome b5 reductase 2"
"NM_016229","SEQ239","CYB5R2","cytochrome b5 reductase 2"
"NM_016233.1","SEQ789","PADI3","peptidyl arginine deiminase 3"
"NM_016252","SEQ240","BIRC6","baculoviral IAP repeat containing 6"
"NM_016252","SEQ241","BIRC6","baculoviral IAP repeat containing 6"
"NM_016252","SEQ242","BIRC6","baculoviral IAP repeat containing 6"
"NM_016275.2","SEQ924","SELENOT","selenoprotein T"
"NM_016442","SEQ259","ERAP1","endoplasmic reticulum aminopeptidase 1"
"NM_016442","SEQ260","ERAP1","endoplasmic reticulum aminopeptidase 1"
"NM_016442","SEQ258","ERAP1","endoplasmic reticulum aminopeptidase 1"
"NM_016532","SEQ161","INPP5K","inositol polyphosphate-5-phosphatase K"
"NM_016532","SEQ159","INPP5K","inositol polyphosphate-5-phosphatase K"
"NM_016532","SEQ160","INPP5K","inositol polyphosphate-5-phosphatase K"
"NM_017572","SEQ796","MKNK2","MAPK interacting serine/threonine kinase 2"
"NM_017671.2","SEQ881","FERMT1","FERM domain containing kindlin 1"
"NM_017679.2","SEQ873","BCAS3","BCAS3 microtubule associated cell migration factor"
"NM_017689.1","SEQ1003","CA12","carbonic anhydrase 12"
"NM_017694.2","SEQ943","MFSD6","major facilitator superfamily domain containing 6"
"NM_017763.1","SEQ938","RNF43","ring finger protein 43"
"NM_018004.1","SEQ786","TMEM45A","transmembrane protein 45A"
"NM_018005.1","SEQ838","ATF7IP","activating transcription factor 7 interacting protein"
"NM_018058.1","SEQ790","CRTAC1","cartilage acidic protein 1"
"NM_018206.2","SEQ894","VPS35","VPS35 retromer complex component"
"NM_018229.2","SEQ847","AP5M1","adaptor related protein complex 5 subunit mu 1"
"NM_018281.1","SEQ927","ECHDC2","enoyl-CoA hydratase domain containing 2"
"NM_018390","SEQ305","PLCXD1","phosphatidylinositol specific phospholipase C X domain containing 1"
"NM_018390","SEQ304","PLCXD1","phosphatidylinositol specific phospholipase C X domain containing 1"
"NM_018390","SEQ303","PLCXD1","phosphatidylinositol specific phospholipase C X domain containing 1"
"NM_018445.2","SEQ868","SELENOS","selenoprotein S"
"NM_018695.1","SEQ777","ERBIN","erbb2 interacting protein"
"NM_018695.1","SEQ775","ERBIN","erbb2 interacting protein"
"NM_018695.1","SEQ776","ERBIN","erbb2 interacting protein"
"NM_018955.2","SEQ886","UBB","ubiquitin B"
"NM_018957.2","SEQ1153","SH3BP1","SH3 domain binding protein 1"
"NM_018957.2","SEQ1154","SH3BP1","SH3 domain binding protein 1"
"NM_018957.2","SEQ1155","SH3BP1","SH3 domain binding protein 1"
"NM_018959.2","SEQ908","DAZAP1","DAZ associated protein 1"
"NM_018974.2","SEQ942","UNC93A","unc-93 homolog A"
"NM_018982","SEQ261","YIPF1","Yip1 domain family member 1"
"NM_018982","SEQ263","YIPF1","Yip1 domain family member 1"
"NM_018982","SEQ262","YIPF1","Yip1 domain family member 1"
"NM_019894.2","SEQ785","TMPRSS4","transmembrane serine protease 4"
"NM_020119.3","SEQ856","ZC3HAV1","zinc finger CCCH-type containing, antiviral 1"
"NM_020142.3","SEQ781","NDUFA4L2","NDUFA4 mitochondrial complex associated like 2"
"NM_020159.1","SEQ940","SMARCAD1","SWI/SNF-related, matrix-associated actin-dependent regulator of chromatin, subfamily a, containing DEAD/H box 1"
"NM_020232.3","SEQ903","PSMG2","proteasome assembly chaperone 2"
"NM_020379.1","SEQ784","MAN1C1","mannosidase alpha class 1C member 1"
"NM_020394","SEQ93","ZNF695","zinc finger protein 695"
"NM_020394","SEQ92","ZNF695","zinc finger protein 695"
"NM_020394","SEQ91","ZNF695","zinc finger protein 695"
"NM_020474.2","SEQ829","GALNT1","polypeptide N-acetylgalactosaminyltransferase 1"
"NM_020631.2","SEQ880","PLEKHG5","pleckstrin homology and RhoGEF domain containing G5"
"NM_020755.2","SEQ888","SERINC1","serine incorporator 1"
"NM_021003","SEQ638","PPM1A","protein phosphatase, Mg2+/Mn2+ dependent 1A"
"NM_021003","SEQ637","PPM1A","protein phosphatase, Mg2+/Mn2+ dependent 1A"
"NM_021003","SEQ639","PPM1A","protein phosphatase, Mg2+/Mn2+ dependent 1A"
"NM_021070.2","SEQ787","LTBP3","latent transforming growth factor beta binding protein 3"
"NM_021078.1","SEQ840","KAT2A","lysine acetyltransferase 2A"
"NM_021173","SEQ651","POLD4","DNA polymerase delta 4, accessory subunit"
"NM_021173","SEQ649","POLD4","DNA polymerase delta 4, accessory subunit"
"NM_021173","SEQ650","POLD4","DNA polymerase delta 4, accessory subunit"
"NM_021215.2","SEQ948","RPRD1B","regulation of nuclear pre-mRNA domain containing 1B"
"NM_021257.2","SEQ898","NGB","neuroglobin"
"NM_021807.2","SEQ897","EXOC4","exocyst complex component 4"
"NM_021970","SEQ243","LAMTOR3","late endosomal/lysosomal adaptor, MAPK and MTOR activator 3"
"NM_021970","SEQ245","LAMTOR3","late endosomal/lysosomal adaptor, MAPK and MTOR activator 3"
"NM_021970","SEQ244","LAMTOR3","late endosomal/lysosomal adaptor, MAPK and MTOR activator 3"
"NM_022126","SEQ500","LHPP","phospholysine phosphohistidine inorganic pyrophosphate phosphatase"
"NM_022126","SEQ288","LHPP","phospholysine phosphohistidine inorganic pyrophosphate phosphatase"
"NM_022126","SEQ290","LHPP","phospholysine phosphohistidine inorganic pyrophosphate phosphatase"
"NM_022126","SEQ289","LHPP","phospholysine phosphohistidine inorganic pyrophosphate phosphatase"
"NM_022126","SEQ499","LHPP","phospholysine phosphohistidine inorganic pyrophosphate phosphatase"
"NM_022337.1","SEQ939","RAB38","RAB38, member RAS oncogene family"
"NM_022406","SEQ561","XRCC4","X-ray repair cross complementing 4"
"NM_022456.2","SEQ956","RAB3IP","RAB3A interacting protein"
"NM_022819","SEQ799","PLA2G2F","phospholipase A2 group IIF"
"NM_023016.1","SEQ872","SOWAHC","sosondowah ankyrin repeat domain family member C"
"NM_024051.2","SEQ933","GGCT","gamma-glutamylcyclotransferase"
"NM_024117","SEQ111","MAPKAP1","MAPK associated protein 1"
"NM_024117","SEQ109","MAPKAP1","MAPK associated protein 1"
"NM_024117","SEQ110","MAPKAP1","MAPK associated protein 1"
"NM_024408","SEQ800","NOTCH2","notch receptor 2"
"NM_024665.2","SEQ919","TBL1XR1","TBL1X receptor 1"
"NM_024745.2","SEQ879","SHCBP1","SHC binding and spindle associated 1"
"NM_024829.1","SEQ941","PLBD1","phospholipase B domain containing 1"
"NM_024900.2","SEQ819","JADE1","jade family PHD finger 1"
"NM_025137.2","SEQ1252","SPG11","SPG11 vesicle trafficking associated, spatacsin"
"NM_025137.2","SEQ1253","SPG11","SPG11 vesicle trafficking associated, spatacsin"
"NM_025137.2","SEQ1254","SPG11","SPG11 vesicle trafficking associated, spatacsin"
"NM_025235","SEQ562","TNKS2","tankyrase 2"
"NM_030570.2","SEQ1020","UPK3B","uroplakin 3B"
"NM_030662.2","SEQ812","MAP2K2","mitogen-activated protein kinase kinase 2"
"NM_030665.3","SEQ851","RAI1","retinoic acid induced 1"
"NM_030927.1","SEQ814","TSPAN14","tetraspanin 14"
"NM_030937.2","SEQ861","CCNL2","cyclin L2"
"NM_031220","SEQ563","PITPNM3","PITPNM family member 3"
"NM_031904.2","SEQ830","FRMD8","FERM domain containing 8"
"NM_032333","SEQ248","PRXL2A","peroxiredoxin like 2A"
"NM_032333","SEQ246","PRXL2A","peroxiredoxin like 2A"
"NM_032333","SEQ247","PRXL2A","peroxiredoxin like 2A"
"NM_032632.2","SEQ902","PAPOLA","poly(A) polymerase alpha"
"NM_053023.2","SEQ910","ZFP91","ZFP91 zinc finger protein, atypical E3 ubiquitin ligase"
"NM_053056","SEQ249","CCND1","cyclin D1"
"NM_053056","SEQ251","CCND1","cyclin D1"
"NM_053056","SEQ250","CCND1","cyclin D1"
"NM_054020.2","SEQ901","CATSPER2","cation channel sperm associated 2"
"NM_058242","SEQ312","KRT6A","keratin 6A"
"NM_058242","SEQ310","KRT6A","keratin 6A"
"NM_058242","SEQ311","KRT6A","keratin 6A"
"NM_138349.2","SEQ913","TP53I13","tumor protein p53 inducible protein 13"
"NM_138403.3","SEQ791","MYL10","myosin light chain 10"
"NM_138444.2","SEQ1140","KCTD12","potassium channel tetramerization domain containing 12"
"NM_138704.2","SEQ855","NSMCE3","NSE3 homolog, SMC5-SMC6 complex component"
"NM_144679.1","SEQ837","TEPSIN","TEPSIN adaptor related protein complex 4 accessory protein"
"NM_144778","SEQ252","MBNL2","muscleblind like splicing regulator 2"
"NM_144778","SEQ254","MBNL2","muscleblind like splicing regulator 2"
"NM_144778","SEQ253","MBNL2","muscleblind like splicing regulator 2"
"NM_170744.2","SEQ1337","UNC5B","unc-5 netrin receptor B"
"NM_170744.2","SEQ1339","UNC5B","unc-5 netrin receptor B"
"NM_170744.2","SEQ1338","UNC5B","unc-5 netrin receptor B"
"NM_173479.1","SEQ949","WDR88","WD repeat domain 88"
"NM_182549.1","SEQ1152","HLA-DQB2","major histocompatibility complex, class II, DQ beta 2"
"NM_182705.1","SEQ806","RFLNB","refilin B"
"NR_001442.1","SEQ826","FER1L4","fer-1 like family member 4 (pseudogene)"
"S72493","SEQ321","KRT16","keratin 16"
"S72493","SEQ320","KRT16","keratin 16"
"S72493","SEQ322","KRT16","keratin 16"
"S77393","SEQ82","KLF3","Kruppel like factor 3"
"S77393","SEQ83","KLF3","Kruppel like factor 3"
"S77393","SEQ449","KLF3","Kruppel like factor 3"
"S77393","SEQ84","KLF3","Kruppel like factor 3"
"U41163","SEQ768","SLC6A10P","solute carrier family 6 member 10, pseudogene"
"U55984","SEQ503","KCTD1","potassium channel tetramerization domain containing 1"
"XM_035825","SEQ276","EFR3A","EFR3 homolog A"
"XM_035825","SEQ278","EFR3A","EFR3 homolog A"
"XM_035825","SEQ277","EFR3A","EFR3 homolog A"
"XM_037574","SEQ301","ARHGAP45","Rho GTPase activating protein 45"
"XM_037574","SEQ300","ARHGAP45","Rho GTPase activating protein 45"
"XM_037574","SEQ302","ARHGAP45","Rho GTPase activating protein 45"
"XM_041162","SEQ256","NDFIP2","Nedd4 family interacting protein 2"
"XM_041162","SEQ257","NDFIP2","Nedd4 family interacting protein 2"
"XM_041162","SEQ255","NDFIP2","Nedd4 family interacting protein 2"
"XM_044196.5","SEQ1147","GAPVD1","GTPase activating protein and VPS9 domains 1"
"XM_044196.5","SEQ1146","GAPVD1","GTPase activating protein and VPS9 domains 1"
"XM_044196.5","SEQ1148","GAPVD1","GTPase activating protein and VPS9 domains 1"
"XM_114447.5","SEQ805","RICTOR","RPTOR independent companion of MTOR complex 2"
"XM_168302.2","SEQ811","ZKSCAN1","zinc finger with KRAB and SCAN domains 1"
"XM_371474.1","SEQ1291","PLXNB2","plexin B2"
"Z19554","SEQ565","VIM","vimentin"
"Z45423","SEQ504","NFASC","neurofascin"
